test,testb,testc,yes
test,testb,testc,yes
test,testb,testc,yes
test,testb,testc,yes
test,testb,testc,yes
test,testb,testc,yes
test,testb,testc,yes
test,testb,testc,yes
test,testb,testc,yes
test,testb,testc,yes
test,testb,testc,yes
test,testb,testc,yes
test,testb,testc,yes
test,testb,testc,yes
test,testb,testc,yes
test,testb,testc,yes
test,testb,testc,yes
test,testb,testc,yes
test,testb,testc,yes
test,testb,testc,yes
test,testb,testc,yes
test,testb,testc,yes
test,testb,testc,yes
test,testb,testc,yes
test,testb,testc,yes
test,testb,testc,yes
test,testb,testc,yes
test,testb,testc,yes
test,testb,testc,yes
test,testb,testc,yes
test,testb,testc,yes
test,testb,testc,yes
test,testb,testc,yes
test,testb,testc,yes
test,testb,testc,yes
